question,answer,law_ref,visa_type,risk_level,notes
"Can an F-2 dependent work in the U.S.?","No, F-2 dependents are not allowed to work in the U.S. under any circumstances.","8 CFR 214.2(f)(15)(i)","F-2","High","Working without authorization violates immigration law and can lead to removal."
"Can an F-2 dependent study full-time?","An F-2 spouse may study part-time, but an F-2 child may attend full-time elementary or secondary school.","8 CFR 214.2(f)(15)(ii)","F-2","Medium","For full-time postsecondary study, the spouse must change to F-1 status."
"Can F-2 visa holders volunteer?","Yes, F-2 visa holders can volunteer as long as the role is truly unpaid and meets volunteer criteria under labor laws.","USCIS Policy Manual Vol.2 Part F","F-2","Low","Volunteering should not displace a paid worker or be a disguised paid role."
"Is an F-2 visa holder allowed to get a Social Security Number?","Generally no, unless they become eligible through a separate authorized status or receive work authorization (which is not permitted in F-2).","SSA Guidelines","F-2","Low","They may get an ITIN for tax purposes instead."
"Can an F-2 dependent get a driver's license?","Yes, they can apply for a driver’s license in most states with valid immigration documents.","State DMV Rules","F-2","Low","Requirements vary by state; often need I-94 and proof of residence."
"Can F-2 visa holders travel outside the U.S.?","Yes, F-2 dependents can travel internationally but must have valid passports, visas, and I-20s for reentry.","8 CFR 214.2(f)","F-2","Medium","Reentry also depends on the F-1’s status being maintained."
"Can an F-2 dependent change to F-1 status?","Yes, they can apply for a change of status if admitted to a SEVP-approved school and meet F-1 requirements.","8 CFR 214.2(f)(15)(ii)","F-2","Medium","Must file Form I-539 with USCIS before starting full-time study."
"Does an F-2 visa expire with the F-1's status?","Yes, the F-2 visa status is tied to the F-1’s status and expires when the F-1 loses status or completes their program.","8 CFR 214.2(f)(15)(i)","F-2","High","Grace period rules for the F-1 apply to F-2 dependents."
"Can F-2 children attend public school?","Yes, F-2 children can attend K–12 public school full-time.","8 CFR 214.2(f)(15)(ii)","F-2","Low","There are no additional tuition fees beyond local rules."
"Can an F-2 dependent take online courses?","Yes, F-2 visa holders can take online courses without restrictions.","USCIS PM Vol.2 Part F","F-2","Low","No employment authorization comes from online study."
"Can an F-2 spouse audit university classes?","Yes, they can audit classes if allowed by the institution.","USCIS PM Vol.2 Part F","F-2","Low","Auditing does not require full-time enrollment."
"Do F-2 dependents have a grace period after F-1 completion?","Yes, they share the F-1’s grace period, typically 60 days after program completion or OPT end.","8 CFR 214.2(f)(5)(iv)","F-2","Medium","They must depart or change status within that period."
"Can F-2 visa holders change to H-1B status?","Yes, they can apply for a change of status if they meet H-1B requirements and secure an employer sponsor.","8 CFR 214.2(h)","F-2","Medium","Subject to H-1B cap unless exempt."
"Can an F-2 dependent be self-employed?","No, self-employment is not allowed for F-2 visa holders.","8 CFR 214.2(f)(15)(i)","F-2","High","Any income-earning activity is considered unauthorized work."
"Can F-2 visa holders do unpaid internships?","Only if the internship meets Department of Labor’s unpaid criteria and is not a substitute for paid work.","DOL Guidelines","F-2","Medium","Careful review needed to avoid unauthorized employment."
"Can F-2 visa holders apply for a credit card?","Yes, they can apply using an ITIN or as an authorized user on another account.","Bank Policy","F-2","Low","Approval depends on credit history and bank requirements."
"Can an F-2 dependent get health insurance?","Yes, they can be covered under the F-1’s plan or purchase their own.","ACA Regulations","F-2","Low","Some schools require dependents to have insurance."
"Can an F-2 dependent live separately from the F-1?","Generally yes, but the F-2’s status still depends on the F-1 maintaining their program and residence.","8 CFR 214.2(f)","F-2","Medium","Must maintain required documentation and ties."
"Can F-2 visa holders open a bank account?","Yes, most U.S. banks allow F-2 dependents to open accounts with valid ID.","Bank Policy","F-2","Low","Proof of address is usually required."
"Do F-2 visa holders pay in-state tuition?","It depends on the state and institution; most treat them as international students.","State Education Policy","F-2","Medium","Residency requirements vary widely."
"Can F-2 visa holders apply for a green card?","Yes, but they must do so through a separate qualifying process such as family or employment sponsorship.","INA 245","F-2","High","The F-2 status itself does not lead to permanent residency."
"Can an F-2 dependent apply for a U.S. work visa?","Yes, they can change status to a work visa like H-1B or L-1 if eligible and sponsored.","8 CFR 214.2(h)","F-2","Medium","Must maintain legal status during the change."
"Can F-2 visa holders volunteer for research at a university?","Yes, if the position is genuinely unpaid and does not replace a paid role.","DOL Guidelines","F-2","Low","Document the volunteer arrangement to avoid confusion."
"Can an F-2 spouse apply for a Social Security Number if they get an F-1 visa?","Yes, upon approval and activation of F-1 status with employment eligibility like on-campus work.","SSA Guidelines","F-2","Low","SSN eligibility follows work authorization."
"Can F-2 visa holders invest in the stock market?","Yes, they can invest passively in stocks and mutual funds.","USCIS Policy Guidance","F-2","Low","Active day trading may raise questions but is generally not considered employment."
"Can F-2 visa holders own a business?","No, they cannot operate a business actively, but they can own shares or be passive investors.","8 CFR 214.2(f)(15)(i)","F-2","High","Management or active role counts as unauthorized work."
"Can an F-2 dependent be listed as a co-signer for a lease?","Yes, if the landlord accepts them based on documentation and credit history.","Lease Policy","F-2","Low","Visa status may affect lease approval."
"Can F-2 visa holders receive public benefits?","Most federal public benefits are restricted, but some state/local benefits may be available.","PRWORA","F-2","Medium","Receiving certain benefits may affect future immigration applications."
"Can an F-2 dependent get a state ID?","Yes, most states allow state ID cards for residents with valid immigration status.","State DMV Policy","F-2","Low","Useful for identification without driving privileges."
"Do F-2 visa holders need to file taxes?","They may need to file if they have U.S.-source income or are dependents on a tax return.","IRS Guidelines","F-2","Medium","ITIN may be required for filing."
"Can F-2 visa holders apply for scholarships?","Yes, for scholarships open to international students; eligibility varies by institution.","Institution Policy","F-2","Low","Some scholarships require F-1 status."
"Can F-2 visa holders take ESL classes?","Yes, they can take part-time or casual English classes.","USCIS PM Vol.2 Part F","F-2","Low","Full-time academic study requires F-1 status."
"Can F-2 visa holders participate in community college classes?","Yes, part-time study is allowed for spouses; children can study full-time.","8 CFR 214.2(f)(15)(ii)","F-2","Low","Full-time enrollment for spouses requires change to F-1."
"Can F-2 visa holders travel while the F-1 is on OPT?","Yes, as long as the F-1 maintains status and they have valid visas and documents.","8 CFR 214.2(f)","F-2","Medium","Travel risk increases if OPT is near end date."
"Can F-2 visa holders attend religious services or events?","Yes, they can freely participate in religious activities.","First Amendment","F-2","Low","No immigration restrictions on religious attendance."
"Can F-2 visa holders get married in the U.S.?","Yes, marriage in the U.S. is permitted regardless of visa status.","State Marriage Laws","F-2","Low","Marriage may enable change of status if spouse is a U.S. citizen."
"Can F-2 visa holders change to tourist status?","Yes, they can apply for change to B-2 status via Form I-539.","8 CFR 214.2(b)","F-2","Medium","Must maintain lawful status until approval."
"Do F-2 visa holders need a new visa after re-entry?","Yes, if their current visa has expired, they need a new visa to re-enter the U.S.","8 CFR 214.2(f)","F-2","High","Visa stamp validity is separate from status."
"Can F-2 visa holders visit Canada or Mexico without a new visa?","Possibly, under automatic revalidation if the trip is under 30 days and certain conditions are met.","8 CFR 214.1(b)","F-2","Medium","Not available for citizens of certain countries."
"Can an F-2 dependent stay in the U.S. if the F-1 changes status?","If the F-1 changes to another status, the F-2 must also change or leave the U.S.","8 CFR 214.2(f)","F-2","High","F-2 status is dependent on the F-1’s status."
"Can F-2 visa holders extend their stay in the U.S.?","Yes, they can apply to extend along with the F-1 using Form I-539 before their I-94 expires.","8 CFR 214.2(f)","F-2","Medium","Extension is tied to the F-1’s continued status."
"Can F-2 visa holders switch to a dependent of another visa holder?","Yes, by filing for change of status to the new dependent category via Form I-539.","8 CFR 248","F-2","Medium","Processing times vary; maintain legal status."
"Can F-2 visa holders be deported if the F-1 violates status?","Yes, F-2 status is terminated if the principal F-1 loses status.","8 CFR 214.2(f)","F-2","High","Both must maintain lawful status."
"Can F-2 visa holders change to F-1 from within the U.S.?","Yes, they can file Form I-539 for a change of status to F-1 before beginning full-time study.","8 CFR 214.2(f)(15)(ii)","F-2","Medium","Must wait for approval before starting classes."
"Can F-2 visa holders accompany the F-1 during a transfer to another school?","Yes, as long as the F-1 maintains valid SEVIS records and status during the transfer.","8 CFR 214.2(f)(8)","F-2","Low","SEVIS transfer must be processed properly."
"Can F-2 visa holders work remotely for a foreign employer?","Generally yes, if paid from abroad and work is not considered U.S. employment.","USCIS Guidance","F-2","Medium","Risk if work benefits a U.S. entity."
"Can F-2 visa holders use a foreign driver’s license in the U.S.?","Yes, for a limited time depending on state law; often valid up to 6–12 months.","State DMV Policy","F-2","Low","After that, must apply for a state driver’s license."
"Can F-2 visa holders study online from home?","Yes, part-time online study is permitted; full-time academic study requires F-1 status.","USCIS PM Vol.2 Part F","F-2","Low","Online courses should not be full-time degree programs."
"Can F-2 visa holders apply for state health insurance?","Eligibility depends on the state; many states exclude nonimmigrants from public insurance.","State Health Policy","F-2","Medium","Private insurance is usually needed."
"Can F-2 visa holders attend public K–12 schools?","Yes, children on F-2 visas can attend public primary and secondary schools without restriction.","8 CFR 214.2(f)(15)(ii)","F-2","Low","No tuition surcharge unlike some other visas."
